agent_id,sdk_details,swagger_details,sample_input,sample_output,security_details,related_files,doc_id
agent_001,,,,,,,
agent_002,,,,,,,
agent_003,,,,,,,
agent_004,,,,,,,
agent_005,,,,,,,
agent_006,,,,,,,
agent_007,,,,,,,
agent_008,,,,,,,
agent_009,,,,,,,
agent_010,,,,,,,
agent_011,,,,,,,
agent_012,,,,,,,
agent_013,,,,,,,
agent_014,,,,,,,
agent_015,,,,,,,
agent_016,,,,,,,
agent_017,,,,,,,
agent_018,,,,,,,
agent_019,,,,,,,
agent_020,,,,,,,
agent_021,,,,,,,
agent_022,,,,,,,
agent_023,,,,,,,
agent_024,,,,,,,
agent_025,,,,,,,
agent_026,,,,,,,
agent_027,,,,,,,
agent_028,,,,,,,
agent_029,aF,https://agents-store.onrender.com/docs,asdf,asdf,asdf,asdf,doc_agent_029
